numero_consultation,acheteur_public,date_publication,objet_consultation,dernier_delai,categorie,jours_restants
S20261000518,Société Tunisienne de Sidérurgie ELFOULADH,03/10/2026,Lot de câble électrique,13/10/2026 09:10,shopping_mall,10
S20261000517,Société Tunisienne de Sidérurgie ELFOULADH,03/10/2026,Lot de peintures et accessoires,13/10/2026 09:00,shopping_mall,10
S20261000360,Hôpital régional de Tozeur,03/10/2026,C25-3-2026 ACCESSOIRE ET REACTIF LABORATOIRE,10/10/2026 10:00,shopping_mall,7
S20261000516,Société Tunisienne de Sidérurgie ELFOULADH,03/10/2026,Lot d'électrodistributeur+ électrovanne,12/10/2026 10:10,shopping_mall,9
S20261000515,Groupement de santé de base EL Kef,03/10/2026,Achat des pneu pour voiture de groupement de sante de base kef,09/10/2026 08:00,shopping_mall,6
S20261000514,Institut Mohamed Kassab d'Orthopédie à Ksar Saïd,03/10/2026,l'acquisition des bandes de crêpe pour le besoin de la pharmacie,13/10/2026 10:00,shopping_mall,10
S20261000513,Société Tunisienne de Sidérurgie ELFOULADH,03/10/2026,Confection turbine,12/10/2026 09:40,shopping_mall,9
S20261000512,Société Tunisienne de Sidérurgie ELFOULADH,03/10/2026,Lot de pièces électriques,12/10/2026 09:20,shopping_mall,9
S20261000511,Société Tunisienne de Sidérurgie ELFOULADH,03/10/2026,Lot d' Electrodes,12/10/2026 09:10,shopping_mall,9
S20261000510,Commissariat regional de la jeunesse et des sports de Gabes,02/10/2026,Entretien et maintenance des jardins et des plantes,16/10/2026 09:00,shopping_mall,13
S20261000509,Musée National d'art Moderne et Contemporain,02/10/2026,Fourniture d'un conteneur en bon état avec transport et mise en place sur lieu.,12/10/2026 13:00,shopping_mall,9
S20261000508,Ministère des Domaines de l'Etat et des Affaires Foncières,02/10/2026,IP اقتناء هواتف,16/10/2026 10:00,shopping_mall,13
S20261000507,السجن المدني ببرج العامري,02/10/2026,اقتناء مواد أولية من الحديد لصيانة الأبواب والنوافذ,06/10/2026 10:00,shopping_mall,3
S20261000506,Musée National d'art Moderne et Contemporain,02/10/2026,خاصة بالصالون الوطني للفنون التشكيلية الدورة الثالثة (Numérique) خدمات طباعة رقمية,10/10/2026 12:00,shopping_mall,7
S20261000505,Hôpital Régional Hajj Ali Soua de Ksar Hellal,02/10/2026,Acquisition des switch réseaux informatique 24 ports POE et 48 ports POE,07/10/2026 10:00,shopping_mall,4
S20261000504,Ministère des Technologies de la communication et de l'économie numérique,02/10/2026,"Choix d'un bureau de contrôle technique afin d'assurer la mission de contrôle technique , examen et vérification des ascenseurs électriques des deux sièges du Ministère",16/10/2026 10:00,shopping_mall,13
S20261000503,"Direction Régionale de l'Equipement, de l'Habitat et de l'Aménagement du Territoire de Bizerte",02/10/2026,la consultation n°29/2026 pour acquisition des batteries pour le bénéfice de la direction régionale de l'équipement et de l'habitat .de Bizerte,19/10/2026 10:00,shopping_mall,16
S20261000502,Commune de Testour,02/10/2026,اقتناء وتركيز جهاز تسجيل الحضور بالبصمة لفائدة بلدية تستور لسنة 2026,16/10/2026 11:00,shopping_mall,13
S20261000501,السجن المدني ببرج العامري,02/10/2026,اقتناء مواد بناء وصيانة مختلفة,06/10/2026 10:00,shopping_mall,3
S20261000500,"Direction Régionale de l'Equipement, de l'Habitat et de l'Aménagement du Territoire de Gafsa",02/10/2026,TRAVAUX D'ENTRETIEN AU SEIN DU PARK DE LA DIRECTION REGIONALE DE L'EQUIPEMENT DE GAFSA,16/10/2026 09:30,shopping_mall,13
S20261000498,المندوبية الجهوية لشؤون المراة و الاسرة بتونس,02/10/2026,إستشارة عدد11 تتعلقبإقتناء تجهيزات سمعية بصرية ورياضية لفائدة مؤسسات الطفولة الراجعة بالنظر للمندوبية الجهوية لشؤون الاسرة والمرأة بتونس,16/10/2026 09:00,shopping_mall,13
S20261000499,Commissariat régional des affaires de la jeunesse et des sports Ben Arous,02/10/2026,استشارة اقتناء معدات رياضية لفائدة دور الشباب,09/10/2026 10:00,shopping_mall,6
S20261000497,Commune de Sakiet Sidi Youssef,02/10/2026,ACQUISITION DE MATERIEL INFORMATIQUE AU PROFIT DE LA COMMUNE DE SAKIET SIDI YOUSSEF,03/11/2026 10:00,shopping_mall,31
S20261000496,Commissariat regional de la jeunesse et des sports de bizerte,02/10/2026,Acquisition de fournitures de bureau au profit du Commissariat régional de la Jeunesse et des Sports de Bizerte,13/10/2026 11:00,shopping_mall,10
S20261000494,Commune Rakada,02/10/2026,Rénovation réseau d'éclairage publics à la commune de Raccada 2026,19/10/2026 10:00,shopping_mall,16
S20261000495,Société Tunisienne de Sidérurgie ELFOULADH,02/10/2026,Lot de shunte,12/10/2026 09:00,shopping_mall,9
S20261000492,Commune Zalba,02/10/2026,ÉTUDE DES TRAVAUX D'AMÉNAGEMENT DE L'ACCÈS DE L'ÉCOLE PRIMAIRE ES-SAAFATE,15/10/2026 09:00,shopping_mall,12
S20261000493,Gouvernorat de Jendouba,02/10/2026,أشغال صيانة مسكن وظيفي بمقر ولاية جندوبة,09/10/2026 10:00,shopping_mall,6
S20261000491,Société Tunisie Autoroutes,02/10/2026,Demande offre de prix Travaux de Tolerie et de Peinture 13-354293,07/10/2026 14:30,shopping_mall,4
S20261000480,Commune De Beni Khalled,02/10/2026,Installation d'abris de touche pour un terrain municipal,21/10/2026 10:00,shopping_mall,18
S20261000479,Société Tunisienne d'Electricité et de Gaz,02/10/2026,Acquisition de Concentrateur de Données Front-End.,05/11/2026 09:00,shopping_mall,33
S20261000478,Gouvernorat de Jendouba,02/10/2026,أشغال انجاز سور بالأسلاك الشائكة بالمركز الحدودي للحرس الوطني بالمواجن,16/10/2026 10:00,shopping_mall,13
S20261000477,Musée National d'art Moderne et Contemporain,02/10/2026,Affichage Urbain SNAP 3éme EDITION,10/10/2026 10:00,shopping_mall,7
S20261000392,Centre National des Technologies en Education,02/10/2026,Participation de 07 enseignants à deux conférences en Tchéquie & en Bulgarie,05/10/2026 12:00,shopping_mall,2
S20261000476,Université de sousse,02/10/2026,Fourniture d'une licence officielle Microsoft Power BI Premium Per User (PPU),09/10/2026 10:00,shopping_mall,6
S20261000475,Hopital Circonscription EL Jem Tunisie,02/10/2026,accessoires pour l'unité de kinésithérapie,15/10/2026 09:00,shopping_mall,12
S20261000474,Commune De guech,02/10/2026,استشارة في صيانة التنوير العمومية بالطريق الرئيس بمدينة دقاش,19/10/2026 10:00,shopping_mall,16
S20261000473,Commune Bouhajla,02/10/2026,TRAVAUX D'ENTRETIEN ET DE MAINTENANCE DES ESPACES VERTS ET DES ARBRES D'ALIGNEMENT DE LA COMMUNE DE BOUHAJLA,03/11/2026 10:00,shopping_mall,31
S20261000472,Société Tunisienne d'Electricité et de Gaz,02/10/2026,"Réparation et entretien du diffuseur d'échappement, du compartiment de charge du groupe TG de la centrale TAC de Goulette et remplacement du joint d'expansion P1",11/11/2026 09:30,shopping_mall,39
S20261000471,"Direction Régionale de l'Equipement, de l'Habitat et de l'Aménagement du Territoire de Gabès",02/10/2026,Travaux d'installation d'un abri pour le matériel relevant de la Direction régionale de l'Équipement et de l'Habitat zone Manzel Lahbib Gabès,08/10/2026 08:30,shopping_mall,5
S20261000470,Ministère de la Défense Nationale,02/10/2026,Acquisition des équipement de restauration,20/10/2026 09:00,shopping_mall,17
S20261000469,Commune Sidi Bennour,02/10/2026,TUYAU OSV 75 RENFIRCE D'UNE SPIRAL RIGIDEEN PVC DE COULEUR BLANC,09/10/2026 10:00,shopping_mall,6
S20261000468,le théâtre de l'opéra,02/10/2026,Tenue et Assistance comptable et Fiscale des exercices 2021-2022-2023 et 2024 du théâtre de l'opéra,12/10/2026 12:00,shopping_mall,9
S20261000467,Société Tunisienne de Sidérurgie ELFOULADH,02/10/2026,FLEXIBLE HYDRAULIQUE,08/10/2026 09:55,shopping_mall,5
S20261000465,"Direction Régionale de l'Equipement, de l'Habitat et de l'Aménagement du Territoire de Gafsa",02/10/2026,Rechargement des accotements des pistes rurales- programme d'entretien de l'an 2026,12/10/2026 09:30,shopping_mall,9
S20261000464,Commune de Menzel Temime,02/10/2026,تقليم أشجار,14/10/2026 10:00,shopping_mall,11
S20261000463,Conseil Régional De Bizerte,02/10/2026,acquisition des produits alimentaires pour chiens,12/10/2026 10:00,shopping_mall,9
S20261000462,Commissariat regionale de la jeunesse et des sports sousse,02/10/2026,Matériel informatique,08/10/2026 10:00,shopping_mall,5
S20261000461,Société Régionale de Transport Gouvernorat de Kasserine,02/10/2026,تكوين إطارات وأعوان الشركة الجهوية للنقل بالقصرين,19/10/2026 10:00,shopping_mall,16
S20261000453,Commissariat régional des affaires culturelles de Kairouan,02/10/2026,اقتناء معدات ادارية لفائدة دار الثقافة الشراردة بالقيروان,19/10/2026 09:00,shopping_mall,16
S20261000460,Société Tunisienne de Sidérurgie ELFOULADH,02/10/2026,Taraudage électrode diamètre 350 des deux côtés,12/10/2026 10:00,shopping_mall,9
S20261000459,Agence des Ports et des Installations de la Pêche,02/10/2026,"Acquisition, Installation, mise en service et maintenance de 02 pare-feu de nouvelle génération",30/10/2026 12:00,shopping_mall,27
S20261000456,Commune Talalsa,02/10/2026,ستشارة اقتناء مادة لفائدة بلدية التلالسة لسنة 2026 TOUT VENANT 0/20,17/10/2026 09:00,shopping_mall,14
S20261000458,Société Régionale de Transport Gouvernorat du Kef,02/10/2026,Acquisition PR OC500,06/10/2026 12:00,shopping_mall,3
S20261000457,Commune de Hammam Lif,02/10/2026,اختيار مكتب دراسات أو مهندس مستشار في اختصاص الطرقات والشبكات المختلفة لإعداد الدراسات والمتابعة الفنية لأشغال مشروع تهيئة ملعب المياه المعدنية لكرة السلة بحمام الأنف بالغلاف الاصطناعي,22/10/2026 10:00,shopping_mall,19
S20261000450,Commune Beni M'tir,02/10/2026,إقتناء فوانيس إنارة للإعتناء بالتنوير العمومي ببلدية بني مطير لسنة 2026,16/10/2026 10:00,shopping_mall,13
S20261000455,Office National de la Protection Civile,02/10/2026,مشروع تركيز محطة شمسية فولطاضوئية لإنتاج الكهرباء المرتبط بشبكة الجهد المنخفض بالإدارة الجهوية للحماية المدنية بمدنين,19/10/2026 10:00,shopping_mall,16
S20261000449,Commune Jehina,02/10/2026,ASURENCE DES ENGIN DE LA COMMUNE,16/10/2026 10:00,shopping_mall,13
S20261000454,Office National de la Protection Civile,02/10/2026,مشروع تركيز محطة شمسية فولطاضوئية لإنتاج الكهرباء المرتبط بشبكة الجهد المنخفض بالإدارة الجهوية للحماية المدنية بتطاوين,19/10/2026 10:00,shopping_mall,16
S20261000452,Agence nationale du médicament et des produits de santé,02/10/2026,Assurance des équipements de laboratoire et le locale de ANMPS,12/10/2026 10:00,shopping_mall,9
S20261000451,Conseil régional de Gabès,02/10/2026,صيانة وشحن وإصلاح قوارير الإطفاء وتغيير قطع حديدية لفائدة الحرس الوطني بقابس,12/10/2026 09:00,shopping_mall,9
S20261000448,Commissariat régional de l'éducation de Kébili,02/10/2026,استشارة المتابعة و المراقبة لمشروع صيانة المجموعات الصحية بالمدرسة الابتدائية الفردوس رجيم معتوق,08/10/2026 09:00,shopping_mall,5
S20261000447,Office National de la Protection Civile,02/10/2026,acquisition des remorques équipées d'une citerne à carburant d'une capacité de 2 000 litres,16/10/2026 12:00,shopping_mall,13
S20261000446,Prison de jendouba,02/10/2026,acquisition appareil photo,12/10/2026 10:00,shopping_mall,9
S20261000445,Faculté des Sciences de Monastir,02/10/2026,produit de nettoyage,10/10/2026 09:10,shopping_mall,7
S20261000444,Conseil régional de Gabès,02/10/2026,إقتناء معدّات ولوازم بناء لفائدة فرع المعهد الوطني للتّراث بقابس,12/10/2026 09:00,shopping_mall,9
S20261000442,Société des Transports de Tunis,02/10/2026,OUTLLAGE DE COUPE POUR TOUR EN FOSSE.,09/10/2026 10:00,shopping_mall,6
S20261000443,Faculté des Sciences Economiques et de Gestion de Tunis,02/10/2026,Acquisition Climatiseurs FSEGT,23/10/2026 10:00,shopping_mall,20
S20261000437,Centre Militaire Cynotechnique,02/10/2026,achats des tables de refectoire semi métalique et chaise bistrot,09/10/2026 07:00,shopping_mall,5
S20261000441,Prison civile Mornaguia,02/10/2026,Manette 2 dose MARCFI,07/10/2026 09:00,shopping_mall,4
S20261000438,Agence de Promotion de l'Investissement Extérieur,02/10/2026,choix d'un bureau certificateur pour FIPA-Tunisia,12/10/2026 10:00,shopping_mall,9
S20261000440,Société Tunisienne de Sidérurgie ELFOULADH,02/10/2026,ACHAT 400 T SABLE DE REMPLISSAGE,09/10/2026 09:55,shopping_mall,6
S20261000439,Société Tunisienne d'Electricité et de Gaz,02/10/2026,Acquisition d'une motopompe immergée verticale,11/11/2026 09:30,shopping_mall,39
S20261000425,Ecole Supérieure d'Agriculture de Mateur,02/10/2026,أشغال عزل السطوح لمبيت الفتيات بالمدرسة العليا للفلاحة بماطر,22/10/2026 10:00,shopping_mall,19
S20261000434,Direction régional de santé Sfax,02/10/2026,EXPERTISE DE L'ETAT DU BATIMENT DU CENTRE DE SANTE DE BASE EL HCHICHINA DELEGATION GHRAIBA,16/10/2026 10:00,shopping_mall,13
S20261000436,Prison Civile De Sfax,02/10/2026,إقتناء مواد صحية,05/10/2026 10:00,shopping_mall,2
S20261000433,Commune de Bouarada,02/10/2026,إستشارة عدد 19/2026 عبر منظومة الشراء العمومي على الخط خاصة بإعداد دراسة ومتابعة تركيز منظومة الطاقة الشمسية الفوطوضوئية ببلدية بوعــــرادة,30/10/2026 10:00,shopping_mall,27
S20261000435,Ministère du Commerce,02/10/2026,إقتناء مواد ومستلزمات تنظيف.,16/10/2026 10:00,shopping_mall,13
S20261000408,Ministère de la Défense Nationale,02/10/2026,travaux de reamenagement d'un cloture a la base navale de menzel bourguiba,19/10/2026 09:00,shopping_mall,16
S20261000432,Ministère de la Défense Nationale,02/10/2026,MATERIELS INFORMATIQUE,13/10/2026 09:00,shopping_mall,10
S20261000431,Ministère de la Défense Nationale,02/10/2026,MATERIELS AGRICOLE,13/10/2026 09:00,shopping_mall,10
S20261000429,Direction régional de santé Sfax,02/10/2026,Contrôle technique du projet de construction de l'hôpital numérique du ministère de la sante – antenne de Sfax,12/10/2026 10:00,shopping_mall,9
S20261000430,Commune de Kasserine,02/10/2026,اقتناء معدات اعلامية,21/10/2026 10:00,shopping_mall,18
S20261000428,Ministère de la Défense Nationale,02/10/2026,AMMEUBLEMENT,13/10/2026 09:00,shopping_mall,10
S20261000424,Ministère de la Défense Nationale,02/10/2026,بمخازن الإدارة العامة للصحة العسكرية (rayonnages lourds) حول صنع وتركيز رفوق معدنية,16/10/2026 12:00,shopping_mall,13
S20261000427,Ministère de la Défense Nationale,02/10/2026,Acquisition habillements pour ouvriers civil et serveurs,16/10/2026 08:43,shopping_mall,13
S20261000426,Ministère de la Défense Nationale,02/10/2026,إقتناء مواد تنظيف,13/10/2026 09:00,shopping_mall,10
S20261000421,Agence de Promotion de l'Investissement Extérieur,02/10/2026,Travaux d'entretien et de reparation des équipements Bureautiques et informatiques,16/10/2026 10:00,shopping_mall,13
S20261000423,Ministère de la Défense Nationale,02/10/2026,FOURNITURE DE BUREAU,13/10/2026 09:00,shopping_mall,10
S20261000422,Commissariat regional de la jeunesse et des sports de bizerte,02/10/2026,Acquisition de produits et de matériel de nettoyage au profit du Commissariat régional de la Jeunesse et des Sports de Bizerte,13/10/2026 10:00,shopping_mall,10
S20261000420,Société Régionale de Transport Gouvernorat de Médenine,02/10/2026,FORAGE D'UN PUIT 50 METRES AU PARC LASSIFER MEDENINE,26/10/2026 10:00,shopping_mall,23
S20261000419,Société Tunisie Autoroutes,02/10/2026,CONSULTATION RELATIVE AUX TRAVAUX DE REPARATION ET DE REMISE EN ETAT D'UNE CITERNE EQUIPEE D'UNE POMPE A VIDE MONTEE SUR CAMION,27/10/2026 14:30,shopping_mall,24
S20261000415,Office de l'Elevage et des Pâturages,02/10/2026,achat tenues de protection,30/10/2026 10:00,shopping_mall,27
S20261000414,Centre National de Recherches en Sciences des Matériaux,02/10/2026,"Réparation , remise en service et maintenance du système de sécurité incendie et de détection de gaz",19/10/2026 09:00,shopping_mall,16
S20261000418,Commune jbel ouest,02/10/2026,consultation pour acquisition de NVR pour camera se surveillance,23/10/2026 10:00,shopping_mall,20
S20261000417,Société Tunisienne des Marchés de Gros,02/10/2026,Mise en place d'une solution de supervision réseau centralisée basée sur Zabbix,23/10/2026 10:00,shopping_mall,20
S20261000416,Centre de Biotechnologie de Borj Cedria,02/10/2026,Ananlyse du Sol et Dosage Fer,12/10/2026 10:00,shopping_mall,9
S20261000413,السجن المدني ببنزرت,02/10/2026,Acquisition des extracteurs,08/10/2026 09:00,shopping_mall,5
S20261000412,Office de l'Elevage et des Pâturages,02/10/2026,Réingénierie des procédures administratives relatives à l'attribution des subventions et des encouragements accordées par l'OEP,10/11/2026 10:00,shopping_mall,38
