numero_consultation,acheteur_public,date_publication,objet_consultation,dernier_delai,categorie,jours_restants,cluster,categorie_metier,cluster_name
S20261002154,Société des Transports de Tunis,10/10/2026,DIVERS VINYLES DE DECOUPE.,15/10/2026 10:15,shopping_mall,5,2,Installation / Entretien / Pose,Installation / Entretien / Pose
S20261002155,Hôpital Farhat Hached Sousse,10/10/2026,Consultation relative à la réparation de divers équipements,21/10/2026 09:30,shopping_mall,11,5,Réparation / Machine / Institut,Réparation / Machine / Institut
S20261002153,Commissariat régional de l'éducation de Kairouan,10/10/2026,CONSTRUCTION DE MUR DE CLOTURE ET DEMOLITION DU LOGEMENT A L'ECOLE PRIMAIRE HINDI ZITOUNA SEBIKHA,21/10/2026 10:00,shopping_mall,11,2,Travaux / Construction,Installation / Entretien / Pose
S20261002065,المستشفى المحلي بسجنان,10/10/2026,معدات طبية,24/10/2026 09:00,shopping_mall,14,2,Médical / Santé,Installation / Entretien / Pose
S20261002064,Société Régionale de Transport de Béjà,10/10/2026,consultation d'achat matériel informatique,16/10/2026 10:00,shopping_mall,6,0,Informatique / IT,Achat / Rechange / Pièces
S20261002063,Société Régionale de Transport de Béjà,10/10/2026,consultation d'achat pièce de rechange,13/10/2026 09:00,shopping_mall,3,0,Achat / Rechange / Pièces,Achat / Rechange / Pièces
S20261002061,Société Tunisienne de Sidérurgie ELFOULADH,10/10/2026,Fourniture et installation d'un bac d'eau de refroidissement revetu et l'installation des tuyauteries de la soufflante d'air.,20/10/2026 09:55,shopping_mall,10,2,Installation / Entretien / Pose,Installation / Entretien / Pose
S20261002060,Société des Transports de Tunis,10/10/2026,150 DRAPEAUX DE LA TUNISIE.,15/10/2026 10:00,shopping_mall,5,2,Installation / Entretien / Pose,Installation / Entretien / Pose
S20261002059,Société des Transports de Tunis,10/10/2026,DES VITRES POUR AUTOBUS DE MARQUE GOLDEN DRAGON.,14/10/2026 10:00,shopping_mall,4,2,Installation / Entretien / Pose,Installation / Entretien / Pose
S20261002058,Société Tunisienne de Sidérurgie ELFOULADH,10/10/2026,LOT DE PIECES,20/10/2026 09:25,shopping_mall,10,2,Installation / Entretien / Pose,Installation / Entretien / Pose
S20261001930,Agence Nationale d evaluation des Risques ANER,09/10/2026,Conception et impression des articles dans le cadre de l'organisation d'un atelier de travail au profit de l'Agence Nationale d'Evaluation des Risques,14/10/2026 08:00,shopping_mall,3,2,Installation / Entretien / Pose,Installation / Entretien / Pose
S20261001928,Hôpital Militaire de Bizerte,09/10/2026,Réparation et diagnostique,19/10/2026 09:30,shopping_mall,9,5,Réparation / Machine / Institut,Réparation / Machine / Institut
S20261001931,"Commissariat régional de la femme, de la famille et de l'enfance et des personnes âgées de Sousse",09/10/2026,fruits et légumes / creation d'un projet dans le cadre du programme d'autonomisation economique des familles,19/10/2026 09:00,shopping_mall,9,2,Installation / Entretien / Pose,Installation / Entretien / Pose
S20261001927,Société des Services Nationaux et des Résidences,09/10/2026,Désignation d'un ingénieur conseil ( et/ou ) un bureau d'étude sécurité incendie,21/10/2026 11:00,shopping_mall,11,1,Bureau / Etude / Sécurité,Bureau / Etude / Sécurité
S20261001929,Ministère de la Défense Nationale,09/10/2026,حول تهيئة منظومة الطاقة الشمسية بنقطة المراقبة بالشوشة لربطها بشبكة التوزيع الكهربائية التابعة للشركة التونسية للكهرباء والغاز,23/10/2026 10:00,shopping_mall,13,4,Photovoltaïque / Énergie solaire,أشغال / صيانة / استشارة
S20261001926,Centre National de la médecine et des sciences du sport,09/10/2026,Acquisition de matériel informatique au profit du Centre national et des centres régionaux de la médecine et des sciences du sport au titre de l'année 2026,10/11/2026 10:30,shopping_mall,31,2,Informatique / IT,Installation / Entretien / Pose
S20261001925,Hôpital Militaire de Bizerte,09/10/2026,Réparation des machines,16/10/2026 10:00,shopping_mall,6,5,Réparation / Machine / Institut,Réparation / Machine / Institut
S20261001924,السجن المدني ببنزرت,09/10/2026,Entretien poste RIA +Chaudière,14/10/2026 09:00,shopping_mall,4,2,Nettoyage / Entretien,Installation / Entretien / Pose
S20261001923,Agence des Ports et des Installations de la Pêche,09/10/2026,Fourniture et Pose Portes Isotherme Coulissante pour Marché de Gros de Poissons au Port de Pêche BENI KHIAR,23/10/2026 12:00,shopping_mall,13,2,Installation / Entretien / Pose,Installation / Entretien / Pose
S20261001724,Ministère de la Défense Nationale,09/10/2026,حول أشغال صيانة مستودع السيارات ببوشوشة,23/10/2026 10:00,shopping_mall,13,4,Travaux / Construction,أشغال / صيانة / استشارة
S20261001725,Commissariat Régional au Développement Agricole de Gabès,09/10/2026,Acquisition des motocycles,19/10/2026 10:00,shopping_mall,9,2,Installation / Entretien / Pose,Installation / Entretien / Pose
S20261001722,Hôpital Aziza Othmana de Tunis,09/10/2026,CONSULTATION POUR CHAUX SODEE,19/10/2026 09:00,shopping_mall,9,2,Installation / Entretien / Pose,Installation / Entretien / Pose
S20261001717,Cité Universitaire Omar Ibn Khattab Gabes,09/10/2026,TRANSPORT DE TABLES DE RESTAURANT,16/10/2026 09:30,shopping_mall,6,2,Transport / Véhicules,Installation / Entretien / Pose
S20261001707,Gouvernorat de Zaghouan,09/10/2026,Achat Matériel Informatique,26/10/2026 09:00,shopping_mall,16,0,Informatique / IT,Achat / Rechange / Pièces
S20261001719,Ministère de la Défense Nationale,09/10/2026,اقتناء مستلزمات مكاتب,16/10/2026 10:00,shopping_mall,6,3,اقتناء / لفائدة / معدات,اقتناء / لفائدة / معدات
S20261001720,Ecole Nationale d'Ingénieurs de Sfax,09/10/2026,Spray Dryer Qté:01,23/10/2026 10:00,shopping_mall,13,2,Installation / Entretien / Pose,Installation / Entretien / Pose
S20261001715,Commune El Battan,09/10/2026,Acquisition de mobilier pour le nouveau siège de l'hôtel de ville,20/10/2026 10:00,shopping_mall,10,2,Installation / Entretien / Pose,Installation / Entretien / Pose
S20261001718,Gouvernorat de sousse,09/10/2026,اسداء خدمة تنظيف مفروشات لفاءدة مركز ولاية سوسة,16/10/2026 10:00,shopping_mall,6,2,Nettoyage / Entretien,Installation / Entretien / Pose
S20261001716,Ministère de la Défense Nationale,09/10/2026,تجهيزات إدارية (خزائن حديدية),22/10/2026 09:59,shopping_mall,12,2,Installation / Entretien / Pose,Installation / Entretien / Pose
S20261001714,Conseil regional de ben arous,09/10/2026,إنجاز أشغال دهن مركز ومنطقة الأمن الوطني بمقرين,22/10/2026 10:00,shopping_mall,12,4,Travaux / Construction,أشغال / صيانة / استشارة
S20261001713,Ministère de la Défense Nationale,09/10/2026,تجهيزات إدارية (كرسي صنف 2),22/10/2026 09:59,shopping_mall,12,2,Installation / Entretien / Pose,Installation / Entretien / Pose
S20261001708,Commune Sayada,09/10/2026,Acquisition fourniture de bureau,16/10/2026 15:00,shopping_mall,6,1,Fournitures de bureau,Bureau / Etude / Sécurité
S20261001680,Ecole des quartiers maîtres de l'armée de mer,09/10/2026,Acquisition des pots de plante ( GM+PM+ornementale) . tableau decoratif - tableau 3D - rideau modele store - galet blanc et noir - horloge murale.,19/10/2026 10:00,shopping_mall,9,2,Installation / Entretien / Pose,Installation / Entretien / Pose
S20261001690,Institut Pasteur de Tunis,09/10/2026,réparation bio nettoyeur du laboratoire la rage de l'institut pasteur de Tunis,14/10/2026 11:00,shopping_mall,4,5,Médical / Santé,Réparation / Machine / Institut
S20261001676,Hôpital de circonscription d'Enfidha,09/10/2026,CONSULTATION D'ACHAT DES MATLAS 2026,19/10/2026 08:30,shopping_mall,9,0,Achat / Rechange / Pièces,Achat / Rechange / Pièces
S20261001691,Université de Monastir,09/10/2026,Développement des exercices en réalité virtuelle (VR),20/10/2026 10:00,shopping_mall,10,2,Installation / Entretien / Pose,Installation / Entretien / Pose
S20261001681,Hôpital Habib Bourguiba Sfax,09/10/2026,Hémoglobinomètres avec leurs consommables,16/10/2026 18:55,shopping_mall,6,2,Installation / Entretien / Pose,Installation / Entretien / Pose
S20261001677,Hôpital Mahmoud El Matri de l'Ariana,09/10/2026,ACQUISITION DE SEL,13/10/2026 10:30,shopping_mall,3,2,Installation / Entretien / Pose,Installation / Entretien / Pose
S20261001675,Office de la Marine Marchande et des Ports,09/10/2026,CONSULTATION POUR ENTRETIEN POSTE N°2 ET MISE EN SERVICE GROUPE ELECTROGENE AU PORT DE RADES,19/10/2026 09:00,shopping_mall,9,2,Nettoyage / Entretien,Installation / Entretien / Pose
S20261001600,Le conseil régional de gouvernorat de Ariana,09/10/2026,"Acquisition, transport et installation de coffres-forts au Tribunal de première instance de l'Ariana.",28/10/2026 09:30,shopping_mall,18,2,Transport / Véhicules,Installation / Entretien / Pose
S20261001594,Institut Supérieur de Documentation de Tunis,09/10/2026,إقتناء وتركيب معدات سمعية,16/10/2026 11:00,shopping_mall,6,2,Installation / Entretien / Pose,Installation / Entretien / Pose
S20261001674,Hopital de circonscription de Ghomrassen,09/10/2026,pochette papier kraft médicament,16/10/2026 09:00,shopping_mall,6,2,Installation / Entretien / Pose,Installation / Entretien / Pose
S20261001673,Trésorerie Régionale des Finances de Sousse,09/10/2026,Exécution des travaux de maintenance et de rechargement des extincteurs,19/10/2026 09:00,shopping_mall,9,2,Travaux / Construction,Installation / Entretien / Pose
S20261001671,Faculté des Sciences Economique et de Gestion de Sousse,09/10/2026,Réparation SHARP MX-M452N,20/10/2026 09:00,shopping_mall,10,5,Réparation / Machine / Institut,Réparation / Machine / Institut
S20261001667,Gouvernorat de sousse,09/10/2026,Acquisition des photocopieuses au profit du siege du gouvernorat de souuse,16/10/2026 10:00,shopping_mall,6,2,Installation / Entretien / Pose,Installation / Entretien / Pose
S20261001652,Présidence de la République,09/10/2026,أشغال تبليط جزئي من محيط المغازة المركزية بقمرت,23/10/2026 11:00,shopping_mall,13,4,Travaux / Construction,أشغال / صيانة / استشارة
S20261001670,Hôpital Militaire Principal d'Instruction de Tunis,09/10/2026,FOURNITURE ACCESSOIRE MEDICAL,12/10/2026 08:20,shopping_mall,2,2,Médical / Santé,Installation / Entretien / Pose
S20261001668,Direction régionale de santé sousse,09/10/2026,اقتناء مبرد ماء الشرب و آلة تحضير قهوة لفائدة لإدارة الجهوية للصحة بسوسة,19/10/2026 10:00,shopping_mall,9,3,اقتناء / لفائدة / معدات,اقتناء / لفائدة / معدات
S20261001669,"Ministère de l'Equipement, l'habitat et l'aménagement du territoire",09/10/2026,Achat des pièces de rechange pour la voiture administrative de la DGBC n° 13-151591 au ministère de l'équipment et de l'habitat,14/10/2026 09:34,shopping_mall,4,0,Transport / Véhicules,Achat / Rechange / Pièces
S20261001661,Prison des femmes de Manouba,09/10/2026,réparation machine à café,19/10/2026 10:00,shopping_mall,9,5,Réparation / Machine / Institut,Réparation / Machine / Institut
S20261001665,Hôpital Militaire Principal d'Instruction de Tunis,09/10/2026,FOURNITURE AIGUILLE POUR PONCTION LOMBAIRE,14/10/2026 08:22,shopping_mall,4,2,Installation / Entretien / Pose,Installation / Entretien / Pose
S20261001664,"Ministère de l'Equipement, l'habitat et l'aménagement du territoire",09/10/2026,Achat des pièces de rechange pour la voiture administrative de la DGBC n° 13-140086 au ministère de l'équipment et de l'habitat,14/10/2026 09:26,shopping_mall,4,0,Transport / Véhicules,Achat / Rechange / Pièces
S20261001663,Hôpital local de Douz,09/10/2026,travaux de réaménagement des jardin d'hôpital de Douz,14/10/2026 10:00,shopping_mall,4,2,Médical / Santé,Installation / Entretien / Pose
S20261001662,Hôpital Militaire Principal d'Instruction de Tunis,09/10/2026,FOURNITURE PERFUSEUR AVEC REGULATEUR DE DEBIT,14/10/2026 08:19,shopping_mall,3,2,Installation / Entretien / Pose,Installation / Entretien / Pose
S20261001655,Faculté de Droit et des Sciences Politiques de sousse,09/10/2026,Achat de photocopieur couleur,16/10/2026 09:00,shopping_mall,6,0,Achat / Rechange / Pièces,Achat / Rechange / Pièces
S20261001660,Office National de l'Assainissement,09/10/2026,Chargement et entretien des extincteurs du département régional centre,26/10/2026 10:00,shopping_mall,16,2,Nettoyage / Entretien,Installation / Entretien / Pose
S20261001659,Ministère du Transport,09/10/2026,Acquisition de consommables informatiques pour l'année 2026,23/10/2026 12:00,shopping_mall,13,2,Informatique / IT,Installation / Entretien / Pose
S20261001658,Hôpital Militaire Principal d'Instruction de Tunis,09/10/2026,FOURNITURE SONDE SILICONEE DE GASTROSTOMIE,14/10/2026 08:15,shopping_mall,3,2,Installation / Entretien / Pose,Installation / Entretien / Pose
S20261001654,Hôpital Militaire Principal d'Instruction de Tunis,09/10/2026,FOURNITURE PROTHESE INVERSEE DE L'EPAULE,12/10/2026 08:18,shopping_mall,1,2,Installation / Entretien / Pose,Installation / Entretien / Pose
S20261001653,"Ministère de l'Equipement, l'habitat et l'aménagement du territoire",09/10/2026,Achat des pièces de rechange pour la voiture administrative de la DGBC n° 13-137460 au ministère de l'équipment et de l'habitat,14/10/2026 09:20,shopping_mall,4,0,Transport / Véhicules,Achat / Rechange / Pièces
S20261001650,Office National de l'Assainissement,09/10/2026,Curage des réseaux d'assainissement des eaux usées dans les deux villes Jemmel et Manzel Kamel Bir -Ettayeb,26/10/2026 10:00,shopping_mall,16,2,Installation / Entretien / Pose,Installation / Entretien / Pose
S20261001651,"Ministère de l'Equipement, l'habitat et l'aménagement du territoire",09/10/2026,Achat des pièces de rechange pour la voiture administrative de la DGBC n° 13-136553 au ministère de l'équipment et de l'habitat,14/10/2026 09:15,shopping_mall,4,0,Transport / Véhicules,Achat / Rechange / Pièces
S20261001649,Société Nationale Immobilière de Tunisie du Sud,09/10/2026,Travaux d'entretien Agence SNIT-SUD à Gabès,30/10/2026 10:00,shopping_mall,20,2,Travaux / Construction,Installation / Entretien / Pose
S20261001648,Centre de Maternité et de Néonatalogie,09/10/2026,Acquisition de deux Pinces bipolaires pour les bistouris électriques de la marque Erbe VIO 300S.,16/10/2026 10:00,shopping_mall,6,2,Installation / Entretien / Pose,Installation / Entretien / Pose
S20261001646,Commune Mareth,09/10/2026,دراسة تجهيز المباني الادارية التابعة لبلدية مارث بالطاقة الفوطوضوئية,19/10/2026 10:00,shopping_mall,9,2,Installation / Entretien / Pose,Installation / Entretien / Pose
S20261001647,"Ministère de l'Equipement, l'habitat et l'aménagement du territoire",09/10/2026,Achat des pièces de rechange pour la voiture administrative de la DGBC n° 13-120453 au ministère de l'équipment et de l'habitat,14/10/2026 09:08,shopping_mall,4,0,Transport / Véhicules,Achat / Rechange / Pièces
S20261001644,"Direction Régionale de l'Equipement, de l'Habitat et de l'Aménagement du Territoire de Tozeur",09/10/2026,إستشارة تتعلق باقتناء مواد إعلامية لفائدة الإدارة الجهوية للتجهيز والإسكان بتوزر بعنوان سنة 2026,19/10/2026 08:30,shopping_mall,9,2,Installation / Entretien / Pose,Installation / Entretien / Pose
S20261001645,Commune de Gafsa,09/10/2026,اقتناء معدات ومواد تنظيف لفائدة بلدية قفصة بعنوان سنة 2026,30/10/2026 10:00,shopping_mall,20,3,Nettoyage / Entretien,اقتناء / لفائدة / معدات
S20261001643,Hôpital Abderrahmane Mami de Pneumophistiologie,09/10/2026,اقتناء جهاز علامية لفائدة وحدة البحث بالطب الوقائي و الامجتمعي بالمستشفى,16/10/2026 10:10,shopping_mall,6,3,Médical / Santé,اقتناء / لفائدة / معدات
S20261001642,"Direction Régionale de l'Equipement, de l'Habitat et de l'Aménagement du Territoire de Béja",09/10/2026,أشغال تنظيف و تجميل البيئة الطرقية و أشغال جهر و صيانة المنشآت المائية ضمن برنامج الصيانة لسنة 2026,23/10/2026 10:00,shopping_mall,13,4,Travaux / Construction,أشغال / صيانة / استشارة
S20261001641,Commune la Goulette,09/10/2026,Installation d'un système photovoltaïque,26/10/2026 11:00,shopping_mall,16,2,Photovoltaïque / Énergie solaire,Installation / Entretien / Pose
S20261001640,Hôpital Abderrahmane Mami de Pneumophistiologie,09/10/2026,FOURNITURE ET POSE DE QUATRE (04) FUSIBLES MT 36K V ET D'UN DISJONCTEUR DEBLOCABLE 1000A 4P A L'HOPITAL,16/10/2026 10:00,shopping_mall,6,2,Médical / Santé,Installation / Entretien / Pose
S20261001639,Cité Universitaire El Farabi Sousse,09/10/2026,L'acquisition de plaques de cuisine a 4 feux,22/10/2026 09:30,shopping_mall,12,2,Installation / Entretien / Pose,Installation / Entretien / Pose
S20261001638,Hôpital Farhat Hached Sousse,09/10/2026,REPARATION FUITE SUR RESEAU D'ALIMENTATION D'EAU POTABLE (EN POLYETYLENE),12/10/2026 10:00,shopping_mall,2,2,Installation / Entretien / Pose,Installation / Entretien / Pose
S20261001637,Centre de greffe de Moelle osseuse,09/10/2026,Acquisition et raccordement de deux adoucisseurs,15/10/2026 09:00,shopping_mall,5,2,Installation / Entretien / Pose,Installation / Entretien / Pose
S20261001635,Hôpital Farhat Hached Sousse,09/10/2026,COMPRESSEUR FRIGORIFIQUE POUR CHAMBRE FROIDE CATASTROPHE DE LA MORGUE,12/10/2026 10:00,shopping_mall,2,2,Installation / Entretien / Pose,Installation / Entretien / Pose
S20261001636,Centre de greffe de Moelle osseuse,09/10/2026,Acquisition sels en pastille,15/10/2026 09:00,shopping_mall,5,2,Installation / Entretien / Pose,Installation / Entretien / Pose
S20261001633,Commune menzel bouzaiene,09/10/2026,صيانة شاحنة قالبة نوع IVECO و آلة تراكس نوع FOTON لفائدة بلدية منزل بوزيان,16/10/2026 10:00,shopping_mall,6,2,Installation / Entretien / Pose,Installation / Entretien / Pose
S20261001634,Société des Transports de Tunis,09/10/2026,ACQUISITION DES PIECES DE RECHANGES POUR VOITURE CITROEN,17/10/2026 09:00,shopping_mall,7,2,Transport / Véhicules,Installation / Entretien / Pose
S20261001632,Centre National de Médecine Scolaire et Universitaire,09/10/2026,اقتناء مطبوغات خصوصيّة carnet d'ordonance medical et lunette,15/10/2026 08:27,shopping_mall,5,3,Médical / Santé,اقتناء / لفائدة / معدات
S20261001631,"Ministère de l'Equipement, l'habitat et l'aménagement du territoire",09/10/2026,Acquisition et montage des pièces de rechanges pour la voitures N° 13-142441,13/10/2026 08:40,shopping_mall,3,2,Transport / Véhicules,Installation / Entretien / Pose
S20261001630,Ecole de la garde nationale de Chebika,09/10/2026,Consultation concernant l'acquisition de fournitures médicales à l'École nationale de formation continue de la Garde nationale à Chebika,28/10/2026 07:00,shopping_mall,17,2,Médical / Santé,Installation / Entretien / Pose
S20261001629,Restaurant Universitaire Nabeul,09/10/2026,"Photocopieur multifonction (Impression, copie, numérisation)",16/10/2026 09:00,shopping_mall,6,2,Installation / Entretien / Pose,Installation / Entretien / Pose
S20261001628,"Ministère de l'Equipement, l'habitat et l'aménagement du territoire",09/10/2026,Entretien periodique (vidange) pour la voiture N°13-142441,13/10/2026 07:30,shopping_mall,2,2,Nettoyage / Entretien,Installation / Entretien / Pose
S20261001627,Ecole de la garde nationale de Chebika,09/10/2026,Consultation concernant l'acquisition d'équipements sportifs à l'École nationale de formation continue de la Garde nationale de Chebika,26/10/2026 07:00,shopping_mall,15,2,Installation / Entretien / Pose,Installation / Entretien / Pose
S20261001624,Société des Transports de Tunis,09/10/2026,KIT FILTRE A AIR PRINCIPAL & SECONDAIRE ET AUTRES FILTRES POUR AUTOBUS DE MARQUE GOLDEN DRAGON.,13/10/2026 10:00,shopping_mall,3,2,Installation / Entretien / Pose,Installation / Entretien / Pose
S20261001623,HOPITAL BENI KHALLED,09/10/2026,شراء المستلزمات الطبية,13/10/2026 09:30,shopping_mall,3,2,Médical / Santé,Installation / Entretien / Pose
S20261001626,HOPITAL BENI KHALLED,09/10/2026,شراء المستلزمات الطبية لقسم طب الأسنان,13/10/2026 10:00,shopping_mall,3,2,Médical / Santé,Installation / Entretien / Pose
S20261001622,Institut Mohamed Kassab d'Orthopédie à Ksar Saïd,09/10/2026,Travaux de renouvèlement du système d'exploitation des eaux des sondages à l'institut Mohamed Kassab d'orthopédie,02/11/2026 10:00,shopping_mall,23,2,Travaux / Construction,Installation / Entretien / Pose
S20261001621,Hôpital d'Enfants,08/10/2026,« ACQUISITION DES BLOCS NOTES ET STYLOS »,16/10/2026 09:00,shopping_mall,6,2,Installation / Entretien / Pose,Installation / Entretien / Pose
S20261001620,Hôpital d'Enfants,08/10/2026,« ACQUISITION DES BONDEROLES POUR SEMINAIRES »,16/10/2026 09:30,shopping_mall,6,2,Installation / Entretien / Pose,Installation / Entretien / Pose
S20261001619,Hôpital de Circonscription Soliman,08/10/2026,تجديد إنارة المركز الوسيط بتاكلسة,19/10/2026 08:30,shopping_mall,9,2,Installation / Entretien / Pose,Installation / Entretien / Pose
S20261001618,Centre de formation et de préparation de l'Elite sportive de Gabes,08/10/2026,fourniture d équipement sportif pour l'Elite sportive de gabes,14/10/2026 10:00,shopping_mall,4,2,Installation / Entretien / Pose,Installation / Entretien / Pose
S20261001617,"Direction Régionale de l'Equipement, de l'Habitat et de l'Aménagement du Territoire de Siliana",08/10/2026,اصلاح السيارة عدد 886 124 13,13/10/2026 10:00,shopping_mall,3,2,Transport / Véhicules,Installation / Entretien / Pose
S20261001616,"Direction Régionale de l'Equipement, de l'Habitat et de l'Aménagement du Territoire de Siliana",08/10/2026,اقتناء اطارات مطاطية للآلات الماسحة,13/10/2026 09:00,shopping_mall,3,3,اقتناء / لفائدة / معدات,اقتناء / لفائدة / معدات
S20261001615,Commune de Sahline Emoatmar,08/10/2026,Fourniture et pose des postes téléphoniques et d'une poste téléphoniques spécifiques et ses accessoires,30/10/2026 10:00,shopping_mall,20,2,Installation / Entretien / Pose,Installation / Entretien / Pose
S20261001614,Centre National de Formation et De Préparation de L'Elite Sportif De Kelibia,08/10/2026,consultation achat des materiels sportif pour le centre,16/10/2026 09:00,shopping_mall,6,2,Installation / Entretien / Pose,Installation / Entretien / Pose
S20261001612,Centre National de Formation et De Préparation de L'Elite Sportif De Kelibia,08/10/2026,Maintenance et remise en état et mise en service des chaudières du centre,20/10/2026 11:00,shopping_mall,10,2,Installation / Entretien / Pose,Installation / Entretien / Pose
S20261001613,Télévision Tunisienne,08/10/2026,Acquisition du Tabourets Noir,13/10/2026 10:30,shopping_mall,3,2,Installation / Entretien / Pose,Installation / Entretien / Pose
S20261001609,Agence Nationale des Fréquences,08/10/2026,Maintenance (Pièces et Main d'œuvre) des Groupes Electrogènes & des Compresseurs d'Air,28/10/2026 10:00,shopping_mall,18,2,Installation / Entretien / Pose,Installation / Entretien / Pose
S20261001611,Commune de Sidi Bouali,08/10/2026,Fourniture du Bureau,22/10/2026 10:00,shopping_mall,12,1,Bureau / Etude / Sécurité,Bureau / Etude / Sécurité
S20261001610,Commune Bou-chemma,08/10/2026,Consultation Etude installation Photovoltaique dans la Commune de Bouchemma,09/11/2026 10:30,shopping_mall,30,2,Photovoltaïque / Énergie solaire,Installation / Entretien / Pose
S20261001607,Gouvernorat de Tataouine,08/10/2026,أشغال صيانة المجموعات الصحية بمقر معتمدية تطاوين الشمالية,28/10/2026 10:00,shopping_mall,18,4,Travaux / Construction,أشغال / صيانة / استشارة
S20261001608,Agence Tunisienne de la Formation Professionnelle,08/10/2026,"Reparation et Entretien d'un Compresseur Marque Simens - ATLAS Copco - GA 308 - Puissance 22,0 kw",18/10/2026 10:00,shopping_mall,8,2,Nettoyage / Entretien,Installation / Entretien / Pose
S20261001606,"Direction Régionale de l'Equipement, de l'Habitat et de l'Aménagement du Territoire de Tozeur",08/10/2026,Achat des equipements et des produits sanitaire,22/10/2026 10:00,shopping_mall,12,0,Médical / Santé,Achat / Rechange / Pièces
S20261001604,ولاية منوبة,08/10/2026,اختبارفني شامل لمركزالصحة الأساسية البساتين 2 بجاوة من معتمدية وادي الليل,23/10/2026 17:30,shopping_mall,13,2,Installation / Entretien / Pose,Installation / Entretien / Pose
S20261001605,Télévision Tunisienne,08/10/2026,Batteries MAR16 200 Ah 1200A pour 03 Groupes éléctrogene fixe,14/10/2026 11:30,shopping_mall,4,2,Installation / Entretien / Pose,Installation / Entretien / Pose
S20261001603,Office National des Postes Frontaliers Terrestres,08/10/2026,Acquisition equipement Informatiques,09/11/2026 10:00,shopping_mall,30,2,Informatique / IT,Installation / Entretien / Pose
S20261001581,Ministère des Affaires Religieuses,08/10/2026,Maintenance du site officiel du ministère des Affaires religieuses,29/10/2026 11:00,shopping_mall,19,2,Installation / Entretien / Pose,Installation / Entretien / Pose
S20261001601,Gouvernorat de Tataouine,08/10/2026,أشغال تهيئة مركز معتمدية البئر الأحمر والمسكن الوظيفي التابع لها,27/10/2026 10:00,shopping_mall,17,4,Travaux / Construction,أشغال / صيانة / استشارة
S20261001599,Commune d'Ariana,08/10/2026,service de prestation d'entretien des espaces verts dans la zone municipale de l'Ariana,19/10/2026 17:00,shopping_mall,9,2,Nettoyage / Entretien,Installation / Entretien / Pose
S20261001598,Société Tunisienne d'Electricité et de Gaz,08/10/2026,Contrat de maintenance préventive et curative du système de détection et d'extinction automatique d'incendie du bâtiment DPSE au siège de la DCRTE à RADES et au centre de repli à NAASSEN,06/11/2026 09:30,shopping_mall,27,2,Travaux / Construction,Installation / Entretien / Pose
S20261001597,Commune Menzel habib,08/10/2026,Consultation pour l'assurance de la flotte de véhicules et des équipements de nettoyage de la Municipalité de Menzel Habib,16/10/2026 09:00,shopping_mall,6,2,Nettoyage / Entretien,Installation / Entretien / Pose
S20261001596,Ecole de l'aviation de Borj El Amri,08/10/2026,Corps filtre à huile complète Transporter T5,15/10/2026 09:00,shopping_mall,5,2,Transport / Véhicules,Installation / Entretien / Pose
S20261001593,Commune Ouedhref,08/10/2026,acquisition materiel informatique,18/10/2026 10:00,shopping_mall,8,2,Informatique / IT,Installation / Entretien / Pose
S20261001595,Commissariat Régional au Développement Agricole de Médenine,08/10/2026,"إحداث بئر إستغلال عمومية: "" منبت الغابات بخلية الإرشاد الفلاحي بحومة السوق "" بعمق 50 م",26/10/2026 09:00,shopping_mall,16,2,Agriculture,Installation / Entretien / Pose
S20261001592,Télévision Tunisienne,08/10/2026,"Reparation, Fexation , Fourniture et pose des Porte et fenêtre aluminium",20/10/2026 11:00,shopping_mall,10,2,Installation / Entretien / Pose,Installation / Entretien / Pose
S20261001487,Hôpital Mahmoud El Matri de l'Ariana,08/10/2026,AQUISITION DE RAYONNAGE,17/10/2026 10:30,shopping_mall,7,2,Installation / Entretien / Pose,Installation / Entretien / Pose
S20261001486,Prison de Belli,08/10/2026,Acquisition des articles de quincaillerie pour prison Belli,14/10/2026 10:00,shopping_mall,4,2,Installation / Entretien / Pose,Installation / Entretien / Pose
S20261001485,المستشفى المحلي بقرمبالية,08/10/2026,Fourniture thermometre pour refregerateur pharmaceutique,18/10/2026 10:00,shopping_mall,8,2,Médical / Santé,Installation / Entretien / Pose
S20261001483,Commune Tina,08/10/2026,Travaux d'entretien des portes métalliques et construction d'un bloc sanitaire au stade municipal de Tina.,13/10/2026 10:30,shopping_mall,3,2,Médical / Santé,Installation / Entretien / Pose
S20261001482,Hôpital Mongi Slim à la Marsa,08/10/2026,ACQUISITION FOURNITURE DE BUREAU,15/10/2026 09:00,shopping_mall,5,1,Fournitures de bureau,Bureau / Etude / Sécurité
S20261001481,Hôpital La Rabta de Tunis,08/10/2026,Fourniture de kit d'accessoires pour Moniteurs de surveillance,11/10/2026 08:00,shopping_mall,0,2,Installation / Entretien / Pose,Installation / Entretien / Pose
S20261001480,Prison de Belli,08/10/2026,Acquisition des équipements d'entretien de diffusion pour Prison Belli,14/10/2026 10:00,shopping_mall,4,2,Nettoyage / Entretien,Installation / Entretien / Pose
S20261001479,Hôpital Abderrahmane Mami de Pneumophistiologie,08/10/2026,ACHAT DES GUIDES TEFLONNES EN J0.035 LONGUEUR 260CM,12/10/2026 10:30,shopping_mall,2,0,Achat / Rechange / Pièces,Achat / Rechange / Pièces
S20261001478,Télévision Tunisienne,08/10/2026,Acquisition 08 Tabourets,13/10/2026 11:00,shopping_mall,3,2,Installation / Entretien / Pose,Installation / Entretien / Pose
S20261001477,Faculté de Pharmacie de Monastir,08/10/2026,Contrat de jardinage 2026-2027,29/10/2026 08:00,shopping_mall,18,2,Installation / Entretien / Pose,Installation / Entretien / Pose
S20261001475,Télévision Tunisienne,08/10/2026,ACQUISITION DE PRODUIT DE MAQUILLAGE ET OUTILLAGE PROFESSIONNEL,16/10/2026 11:00,shopping_mall,6,2,Installation / Entretien / Pose,Installation / Entretien / Pose
S20261001476,Institut Supérieur des Etudes Technologiques de Radès,08/10/2026,"Réalisation des travaux d'ameublement, de fourniture et de pose de rayonnages pour l'archivage des dossiers",23/10/2026 12:00,shopping_mall,13,2,Travaux / Construction,Installation / Entretien / Pose
S20261001474,Hôpital militaire universitaire sfax,08/10/2026,pinces des pozzi 25 cm à usage multiple,21/10/2026 10:00,shopping_mall,11,2,Installation / Entretien / Pose,Installation / Entretien / Pose
S20261001473,Hôpital Régional DE KHEIREDDINE,08/10/2026,"Fournitures et pose des luminaires au diffirents services H,R,K",19/10/2026 09:00,shopping_mall,9,2,Installation / Entretien / Pose,Installation / Entretien / Pose
S20261001472,Présidence de la République,08/10/2026,أشغال كهربائية بثكنة التدريب بقمرت,23/10/2026 11:00,shopping_mall,13,4,Travaux / Construction,أشغال / صيانة / استشارة
S20261001471,سجن سليانة,08/10/2026,شراء وتركيز موزع هاتف,19/10/2026 08:00,shopping_mall,8,2,Installation / Entretien / Pose,Installation / Entretien / Pose
S20261001448,مجمع الصحة الأساسية بالمهدية,08/10/2026,transport matériels en reforme,13/10/2026 08:15,shopping_mall,2,2,Transport / Véhicules,Installation / Entretien / Pose
S20261001464,Institut Supérieur des Sciences Infirmières de Sfax,08/10/2026,Acquisition du système SMART EXAM,16/10/2026 12:00,shopping_mall,6,2,Installation / Entretien / Pose,Installation / Entretien / Pose
S20261001470,Academie Navale,08/10/2026,Acquisition produit de netoyement,20/10/2026 23:59,shopping_mall,10,2,Installation / Entretien / Pose,Installation / Entretien / Pose
S20261001469,Commune Tina,08/10/2026,Services d'entretien des poteaux et bouches d'incendie,13/10/2026 10:30,shopping_mall,3,2,Nettoyage / Entretien,Installation / Entretien / Pose
S20261001468,Cité Universitaire Omar Ibn Khattab Gabes,08/10/2026,Travaux de cloture de logement de fonction Cité universitaire omar ibn khattab Gabes,28/10/2026 09:00,shopping_mall,18,2,Travaux / Construction,Installation / Entretien / Pose
S20261000900,Commissariat régional de l'éducation de Sidi Bouzid,08/10/2026,Expertise technique des bâtiments de l'ancien siège du commissariat régional de l'éducation de Sidi Bouzid,20/10/2026 09:30,shopping_mall,10,2,Travaux / Construction,Installation / Entretien / Pose
S20261001467,سجن قبلي,08/10/2026,اصلاح مضخة مياه,13/10/2026 08:33,shopping_mall,3,2,Installation / Entretien / Pose,Installation / Entretien / Pose
S20261001466,Hôpital Mahmoud El Matri de l'Ariana,08/10/2026,AQUISITION DE TELEVISION SMART,16/10/2026 10:30,shopping_mall,6,2,Installation / Entretien / Pose,Installation / Entretien / Pose
S20261001465,Hôpital régional de kébili,08/10/2026,اقتناء معدات اعــــــــــلامية,17/10/2026 09:00,shopping_mall,7,3,اقتناء / لفائدة / معدات,اقتناء / لفائدة / معدات
S20261001461,Institut Superieur de Gestion de Bizerte,08/10/2026,استشارة 04-2026 تسويغ قاعة نسخ بالمعهد,16/10/2026 10:00,shopping_mall,6,4,أشغال / صيانة / استشارة,أشغال / صيانة / استشارة
S20261001463,Centre de rééducation des enfants mineurs El mourouj,08/10/2026,طلب اثمان عدد 48/2026 الخاص بطلب صيانة محرك غرفة التبريد التابعة لمركز اصلاح الاطفال الجانحين بالمروج,23/10/2026 09:00,shopping_mall,13,4,أشغال / صيانة / استشارة,أشغال / صيانة / استشارة
S20261001433,"Commissariat régional de la femme, de la famille et de l'enfance de Nabeul",08/10/2026,اقتناء وتوزيع معدات خياطة,14/10/2026 10:00,shopping_mall,4,3,اقتناء / لفائدة / معدات,اقتناء / لفائدة / معدات
S20261001462,Academie Navale,08/10/2026,Acquisition de fournitures de bureau,20/10/2026 23:59,shopping_mall,10,1,Fournitures de bureau,Bureau / Etude / Sécurité
S20261001459,Bibliothèque régionale de Zaghouan,08/10/2026,Acquisition et installation d'un système de vidéosurveillance pour la Bibliothèque Régionale et les bibliothèques publiques du Gouvernorat de Zaghouan,22/10/2026 10:00,shopping_mall,12,2,Installation / Entretien / Pose,Installation / Entretien / Pose
S20261001460,Academie Navale,08/10/2026,Acquisition de matériel sanitaire,20/10/2026 23:59,shopping_mall,10,2,Médical / Santé,Installation / Entretien / Pose
S20261001449,Groupement de santé de base Sidi Bouzid,08/10/2026,اقتناء ، شحن ومراقبة قوارير الإطفاء لفائدة مجمع الصحة الأساسية بسيدي بوزيد,22/10/2026 17:30,shopping_mall,12,3,اقتناء / لفائدة / معدات,اقتناء / لفائدة / معدات
S20261001452,Hôpital De Circonscription De Bir El Hfay,08/10/2026,travaux préparatifs pour l'installation d'un fauteuil dentaire CASTELLINI,17/10/2026 11:00,shopping_mall,7,2,Travaux / Construction,Installation / Entretien / Pose
S20261001458,Unité Centrale de la Transfusion Sanguine et des Banques du Sang,08/10/2026,Acquisition des articles promotionnels,28/10/2026 10:00,shopping_mall,18,2,Installation / Entretien / Pose,Installation / Entretien / Pose
S20261001453,Office National de la Famille et de la Population,08/10/2026,Acquisition des articles divers pour l'Imprimerie de l'ONFP.,16/10/2026 10:00,shopping_mall,6,2,Installation / Entretien / Pose,Installation / Entretien / Pose
S20261001451,Academie Navale,08/10/2026,Acquisition peinture et des accesoires,20/10/2026 23:59,shopping_mall,10,2,Installation / Entretien / Pose,Installation / Entretien / Pose
S20261001450,Hôpital Circonscription Ksour Essaf,08/10/2026,accquisition pour des photocopies+des imprimantes,17/10/2026 10:00,shopping_mall,7,2,Informatique / IT,Installation / Entretien / Pose
S20261001442,Hôpital Aziza Othmana de Tunis,08/10/2026,CONSULTATION POUR PAPIERS THERMIQUES POUR FILS D'ATTENTE,13/10/2026 09:15,shopping_mall,3,2,Installation / Entretien / Pose,Installation / Entretien / Pose
S20261001446,Hôpital Habib Bourguiba Sfax,08/10/2026,Divers produits chimiques,13/10/2026 18:17,shopping_mall,3,2,Installation / Entretien / Pose,Installation / Entretien / Pose
S20261001447,Office National de la Famille et de la Population,08/10/2026,Acquisition des panneaux LED pour tournage,14/10/2026 10:00,shopping_mall,4,2,Installation / Entretien / Pose,Installation / Entretien / Pose
S20261001441,Office National de l'Assainissement,08/10/2026,DES PNEUS,21/10/2026 10:00,shopping_mall,11,2,Installation / Entretien / Pose,Installation / Entretien / Pose
S20261001443,Commune de Sfax,08/10/2026,ACQUISITION ET INSTALLATION DES EQUIPEMENTS ELECTRIQUES POUR PUIT DE BESHKA « 1 »,20/10/2026 10:00,shopping_mall,10,2,Installation / Entretien / Pose,Installation / Entretien / Pose
S20261001445,Centre de rééducation des enfants mineurs El mourouj,08/10/2026,لفائدة مركز اصلاح الاطفال الجانحين بالمروجMiroir de sécurité de la circulation. طلب اثمان عدد 47/2026 الخاص باقتناء,23/10/2026 09:00,shopping_mall,13,4,أشغال / صيانة / استشارة,أشغال / صيانة / استشارة
S20261001440,commissariat régional des affaires culturelles de zaghouane,08/10/2026,Acquisition de tentes,15/10/2026 10:00,shopping_mall,5,2,Installation / Entretien / Pose,Installation / Entretien / Pose
S20261001428,Direction régionale de la santé de Kebili,08/10/2026,اصلاح مكيف السيارة عدد 20168845 بالإداة الجهوية للصحة بقبلي,21/10/2026 11:00,shopping_mall,11,2,Transport / Véhicules,Installation / Entretien / Pose
S20261001439,Academie Navale,08/10/2026,Aquisition matériels electriques,20/10/2026 23:59,shopping_mall,10,2,Installation / Entretien / Pose,Installation / Entretien / Pose
S20261001437,Conseil régional du gouvernorat du Kef,08/10/2026,تفكيـــك و هــدم القاعة الرياضية بالقلعة الخصباء,22/10/2026 10:00,shopping_mall,12,2,Installation / Entretien / Pose,Installation / Entretien / Pose
S20261001436,Complexe Sanitaire du Jebel El Oust,08/10/2026,صيانة المناطق الخضراء والفضاء الخارجي للمركب الصحي بجبل الوسط,28/10/2026 10:00,shopping_mall,18,4,أشغال / صيانة / استشارة,أشغال / صيانة / استشارة
S20261001434,Société Tunisienne de Sidérurgie ELFOULADH,08/10/2026,Tampons d'essuyage,16/10/2026 09:05,shopping_mall,6,2,Installation / Entretien / Pose,Installation / Entretien / Pose
S20261001429,Commune de Menzel Bou Zelfa,08/10/2026,ETUDE ET SUIVI DU PROJET INSTALLATION PHOTOVOLTAIQUE AU PROFIT DE LACOMMUNE DE MENZEL BOUZELFA,30/10/2026 10:00,shopping_mall,20,2,Photovoltaïque / Énergie solaire,Installation / Entretien / Pose
S20261001406,Centre Régional de Contrôle des Impôts Medenine,08/10/2026,"Acquisition, installation et mise en service de climatiseurs au centre régional de contrôle des impôts de Medenine",16/10/2026 10:00,shopping_mall,6,2,Installation / Entretien / Pose,Installation / Entretien / Pose
S20261001431,Hôpital Circonscription Ksour Essaf,08/10/2026,consultation pour faire examins technique de trois centre de l'hopital ksour essef,17/10/2026 10:00,shopping_mall,7,2,Médical / Santé,Installation / Entretien / Pose
S20261001432,"Direction Régionale de l'Equipement, de l'Habitat et de l'Aménagement du Territoire de Tataouine",08/10/2026,استشارة أشغال الصيانة الإنارة بالطاقة الشمسية بالطرقات المرقمة بولاية تطاوين- برنامج 2026 - قسط عدد 02,16/10/2026 10:00,shopping_mall,6,4,Photovoltaïque / Énergie solaire,أشغال / صيانة / استشارة
S20261001430,Institut Supérieur des Etudes Technologiques de Sfax,08/10/2026,Achat d'équipements électroménagers et audiovisuels,17/10/2026 09:00,shopping_mall,7,0,Achat / Rechange / Pièces,Achat / Rechange / Pièces
S20261001427,سجن قبلي,08/10/2026,اقتناء machine a cafe semi automatique 3 groupe,09/11/2026 08:51,shopping_mall,30,3,اقتناء / لفائدة / معدات,اقتناء / لفائدة / معدات
S20261001426,Commune Mareth,08/10/2026,اشغال تطهير شبكة التنوير العمومي ببلدية مارث,19/10/2026 10:00,shopping_mall,9,2,Installation / Entretien / Pose,Installation / Entretien / Pose
S20261001425,Conseil régional de Sidi Bouzid,08/10/2026,القيام بالدراسة الجيوتقنية: لمشروع تهيئة المقر القديم للمنطقة الجهوية للأمن الوطني بسيدي بوزيد للمرة الثالثة,27/10/2026 10:00,shopping_mall,17,2,Installation / Entretien / Pose,Installation / Entretien / Pose
S20261001218,Hôpital Régional du Kef,08/10/2026,Acquisition de vidéo laryngoscope et laryngoscope métallique,13/10/2026 11:00,shopping_mall,3,2,Installation / Entretien / Pose,Installation / Entretien / Pose
S20261001424,ولاية منوبة,08/10/2026,اختبارفني شامل لمركزالصحة الأساسية بالمعارفين من معتمدية البطان,23/10/2026 17:30,shopping_mall,13,2,Installation / Entretien / Pose,Installation / Entretien / Pose
S20261001422,Hôpital universitaire TAHAR SFAR Mahdia,08/10/2026,37-2026 P.E.C des dispositifs médicaux périmés,28/10/2026 10:00,shopping_mall,18,2,Installation / Entretien / Pose,Installation / Entretien / Pose
S20261001423,Prison civile Mornaguia,08/10/2026,Verres de lunettes médicales,12/10/2026 13:00,shopping_mall,2,2,Médical / Santé,Installation / Entretien / Pose
S20261001420,Commune Djebeniana,08/10/2026,entretien réseaux d'eclairage public commune dejbeniana,16/10/2026 10:00,shopping_mall,6,2,Nettoyage / Entretien,Installation / Entretien / Pose
S20261001393,Direction Générale de la Douane,08/10/2026,nettoyage des vitres exterieurs et aliminium de la direction générale des douanes,23/10/2026 09:55,shopping_mall,13,2,Nettoyage / Entretien,Installation / Entretien / Pose
S20261001414,Hôpital Universitaire Med Taher Maamouri de Nabeul,08/10/2026,Acquisition des drapeaux,14/10/2026 10:00,shopping_mall,4,2,Installation / Entretien / Pose,Installation / Entretien / Pose
S20261001391,ولاية منوبة,08/10/2026,اختبارفني شامل لمركزالصحة الأساسية بالمهرين من معتمدية البطان,23/10/2026 17:30,shopping_mall,13,2,Installation / Entretien / Pose,Installation / Entretien / Pose
S20261001394,Société d'Exploitation du Canal et des Adductions des Eaux du Nord,08/10/2026,Travaux d'aménagement des oueds traversés par la conduite Nebhana Par des ouvrages en Gabions,26/10/2026 16:00,shopping_mall,16,2,Travaux / Construction,Installation / Entretien / Pose
S20261001410,Hôpital Aziza Othmana de Tunis,08/10/2026,CONSULTATION POUR CONFECTION D'UN PRE-CADRE EN FER FORGER,13/10/2026 09:08,shopping_mall,3,2,Installation / Entretien / Pose,Installation / Entretien / Pose
S20261001395,Commune de Gremda,08/10/2026,Location d'un camion-citerne équipé d'un système d'aspiration pour la vidange des fosses de l'abattoir municipal de Gremda,23/10/2026 10:00,shopping_mall,13,2,Transport / Véhicules,Installation / Entretien / Pose
S20261001384,Commune de Ben Gardène,08/10/2026,ACQUISITIONDE MATERIEL INFORMATIQUE AU PROFIT DE LA COMMUNE DE BEN GARDENE,29/10/2026 09:00,shopping_mall,19,2,Informatique / IT,Installation / Entretien / Pose
S20261001392,Hôpital Habib Thameur de Tunis,08/10/2026,ACQUISITION BESOIN D'ANAPATH,16/10/2026 09:52,shopping_mall,6,2,Installation / Entretien / Pose,Installation / Entretien / Pose
S20261001389,Société Tunisienne de Sidérurgie ELFOULADH,08/10/2026,LOT DE BATTERIE,13/10/2026 11:00,shopping_mall,3,2,Installation / Entretien / Pose,Installation / Entretien / Pose
S20261001388,Commune de Zaouiet Sousse,08/10/2026,Acquisition de barrières métalliques et de panneaux de signalisation pour la deuxième fois.,16/10/2026 10:00,shopping_mall,6,2,Installation / Entretien / Pose,Installation / Entretien / Pose
S20261001385,Commissariat Régional de Développement Agricole de Bizerte,08/10/2026,اقتناء ونقل مشاتل لأشجار مثمرة,23/10/2026 10:00,shopping_mall,13,3,Transport / Véhicules,اقتناء / لفائدة / معدات
S20261001387,Hôpital Habib Thameur de Tunis,08/10/2026,ACQUISITION BESOIN D'ANAPATH,15/10/2026 09:44,shopping_mall,5,2,Installation / Entretien / Pose,Installation / Entretien / Pose
S20261001383,"Ministère de l'Equipement, l'habitat et l'aménagement du territoire",08/10/2026,Acquisition de climatiseurs,14/10/2026 09:00,shopping_mall,4,2,Installation / Entretien / Pose,Installation / Entretien / Pose
S20261001382,Société Nationale du Transport Inter-Urbain,08/10/2026,acquisition des indicateurs usure de patin pour autocar Golden Dragon,13/10/2026 10:00,shopping_mall,3,2,Installation / Entretien / Pose,Installation / Entretien / Pose
S20261001381,Hôpital Militaire Principal d'Instruction de Tunis,08/10/2026,CABLE SPO2 COMPLET POUR MONITEUR DE SURVEILLANCE MARQUE : DOTT MEDICAL TYPE IZ15,22/10/2026 08:07,shopping_mall,11,2,Médical / Santé,Installation / Entretien / Pose
S20261001380,Société Régionale de Transport de Béjà,08/10/2026,consultation d'achat pièce de rechange,12/10/2026 09:00,shopping_mall,2,0,Achat / Rechange / Pièces,Achat / Rechange / Pièces
S20261001378,ولاية منوبة,08/10/2026,اختبارفني شامل لمركزالصحة الأساسية بالمحفورة من معتمدية البطان,23/10/2026 17:30,shopping_mall,13,2,Installation / Entretien / Pose,Installation / Entretien / Pose
S20261001379,Commissariat Régional de Développement Agricole de Bizerte,08/10/2026,أشغال صيانة منشآت مائية بولاية بنزرت,23/10/2026 10:00,shopping_mall,13,4,Travaux / Construction,أشغال / صيانة / استشارة
S20261001377,Hôpital Militaire Principal d'Instruction de Tunis,08/10/2026,FOURNITURE DES PARAVENTS A 3 COMPARTIMENTS,22/10/2026 08:19,shopping_mall,11,2,Installation / Entretien / Pose,Installation / Entretien / Pose
S20261001372,المستشفى المحلي بسجنان,08/10/2026,Automate d'hématologie,27/10/2026 09:00,shopping_mall,17,2,Installation / Entretien / Pose,Installation / Entretien / Pose
S20261001370,Commune el Alia,08/10/2026,Acquisition des matériaux de construction,16/10/2026 10:00,shopping_mall,6,2,Travaux / Construction,Installation / Entretien / Pose
S20261001371,Ministère de la Culture,08/10/2026,Achat pièces détachés pour voiture de type VW Polo 7,14/10/2026 09:00,shopping_mall,4,0,Transport / Véhicules,Achat / Rechange / Pièces
S20261001368,Agence Tunis Afrique Presse,08/10/2026,consultation pour la designation d'un bureau d'etude pour la realisation d'une etude pour acquisition et installation ecran led outdoor,06/11/2026 10:00,shopping_mall,27,1,Bureau / Etude / Sécurité,Bureau / Etude / Sécurité
S20261001369,Hôpital Militaire Principal d'Instruction de Tunis,08/10/2026,تهيئة فضاءات خضراء بالمستشفى العسكري الاصلي للتعليم بتونس,22/10/2026 08:11,shopping_mall,11,2,Médical / Santé,Installation / Entretien / Pose
S20261001157,Hôpital Sahloul de Sousse,08/10/2026,توسيغ محل لتقديم وجبات غذائية بمقابل للاطباء المباشرين و اطارات مستشفى سهلول,27/10/2026 10:00,shopping_mall,17,2,Médical / Santé,Installation / Entretien / Pose
S20261001367,Commissariat regionale de la jeunesse et des sports sousse,08/10/2026,climatiseur 12000,16/10/2026 10:00,shopping_mall,6,2,Installation / Entretien / Pose,Installation / Entretien / Pose
S20261001366,GROUPEMENT DE SANTE DE BASE DE L'ARIANA,08/10/2026,TRAVAUX D'INSTALLATION DES RESEAUX LOCAUX INFORMATIQUES AUX SEPT CENTRES DE SOINS,19/10/2026 10:00,shopping_mall,9,2,Travaux / Construction,Installation / Entretien / Pose
S20261001365,Hôpital Habib Thameur de Tunis,08/10/2026,CONSULTATION POUR LAME DE BISTOURI N°24,12/10/2026 10:00,shopping_mall,2,2,Installation / Entretien / Pose,Installation / Entretien / Pose
S20261001364,Commissariat Régionale des affaires culturelles de Nabeul,08/10/2026,اقتناء تجهيزات لفائدة المكتبات العمومية,13/10/2026 08:30,shopping_mall,3,3,Fournitures de bureau,اقتناء / لفائدة / معدات
S20261001363,Ministère de la Culture,08/10/2026,Achat Pièces détachés de voiture de type Renault Kangoo et Stock Magasin Polyboard Shampoing Collier de Cirage,14/10/2026 09:00,shopping_mall,4,0,Transport / Véhicules,Achat / Rechange / Pièces
S20261001360,Faculté des Sciences de Monastir,08/10/2026,petits materiel informatiques,16/10/2026 09:00,shopping_mall,6,2,Informatique / IT,Installation / Entretien / Pose
S20261001361,Commissariat regionale de la jeunesse et des sports sousse,08/10/2026,meuble des bureaux,14/10/2026 10:00,shopping_mall,4,2,Installation / Entretien / Pose,Installation / Entretien / Pose
S20261001359,Office de la Marine Marchande et des Ports,08/10/2026,CONSULTATION POUR LA FOURNITURE DE DIVERS MATERIELS POUR LE PORT DE SOUSSE,12/10/2026 10:00,shopping_mall,2,2,Installation / Entretien / Pose,Installation / Entretien / Pose
S20261001358,Faculté des Sciences de Monastir,08/10/2026,toners,16/10/2026 09:00,shopping_mall,6,2,Installation / Entretien / Pose,Installation / Entretien / Pose
S20261001357,Gouvernorat de Jendouba,08/10/2026,الاختبار الفني لمقر معتمدية جندوبة,22/10/2026 10:00,shopping_mall,12,2,Installation / Entretien / Pose,Installation / Entretien / Pose
S20261001356,Société des Industries Pharmceutiques de Tunisie,08/10/2026,Achat des rubans adhésifs,26/10/2026 12:00,shopping_mall,16,0,Achat / Rechange / Pièces,Achat / Rechange / Pièces
S20261001355,Faculté des Sciences de Monastir,08/10/2026,imprimantes,16/10/2026 09:00,shopping_mall,6,2,Informatique / IT,Installation / Entretien / Pose
S20261001354,Commune Menzel Jemil,08/10/2026,acquisition des barrieres metallique,12/10/2026 08:30,shopping_mall,2,2,Installation / Entretien / Pose,Installation / Entretien / Pose
S20261001155,Hôpital Habib Bourguiba Sfax,07/10/2026,Chariot de transport de déchets en aluminium ou en PVC,14/10/2026 18:15,shopping_mall,4,2,Transport / Véhicules,Installation / Entretien / Pose
S20261001153,Commissariat Régional de Développement Agricole de Bizerte,07/10/2026,أشغال جهر روافد وادي المالح السفلي وتجفيف الأراضي بمعتمدية غزالة,22/10/2026 10:00,shopping_mall,12,4,Travaux / Construction,أشغال / صيانة / استشارة
S20261001125,Centre National Chalbi belkahia de Pharmacovigilance,07/10/2026,Acquisition de fournitures de bureau,19/10/2026 09:00,shopping_mall,9,1,Fournitures de bureau,Bureau / Etude / Sécurité
S20261001151,Hopital regional de jendouba,07/10/2026,la réparation et la mise en service de centrale de traitement d'air de service Maternité l'hôpital universitaire de Jendouba,19/10/2026 10:00,shopping_mall,9,5,Médical / Santé,Réparation / Machine / Institut
S20261001152,Le Conseil régional Zaghouan,07/10/2026,أشغال تهيئة بمقر فوج وحدات التدخل بزغوان,21/10/2026 10:00,shopping_mall,11,4,Travaux / Construction,أشغال / صيانة / استشارة
S20261001150,commissariat régionale des affaires de la femme et de la famille siliana,07/10/2026,استشارة لاختيار الهياكل التكوينية لإنجاز برنامج تكويني لفائدة إطارات وأعوان,13/10/2026 06:00,shopping_mall,2,4,أشغال / صيانة / استشارة,أشغال / صيانة / استشارة
S20261001149,سجن سليانة,07/10/2026,شراء مواد حديدية مع ألة لحام وبلور بلاستيكي,15/10/2026 08:00,shopping_mall,4,2,Installation / Entretien / Pose,Installation / Entretien / Pose
S20261001148,Le Conseil régional Zaghouan,07/10/2026,استشارة أشغال تهيئة المسكن الوظيفي عدد 12 بالحي الإداري,21/10/2026 10:00,shopping_mall,11,4,Travaux / Construction,أشغال / صيانة / استشارة
S20261000396,Hopital Régional Mahress,06/10/2026,Électroménager,12/10/2026 12:00,shopping_mall,2,2,Installation / Entretien / Pose,Installation / Entretien / Pose
S20261000944,Centre de reeducation des enfants mineurs sidi el hani,06/10/2026,consultation bac gastro inox,12/10/2026 08:00,shopping_mall,1,2,Installation / Entretien / Pose,Installation / Entretien / Pose
S20261000940,Prison Kairouan,06/10/2026,اقتناء مواد حديدية,12/10/2026 08:00,shopping_mall,1,3,اقتناء / لفائدة / معدات,اقتناء / لفائدة / معدات
S20261000941,Régie des Sondages Hydrauliques (RSH),06/10/2026,consultation N°28/2026 pour l'acquisition d'un raccord di-électrique de diamètre 9''5/8,14/10/2026 10:00,shopping_mall,4,2,Installation / Entretien / Pose,Installation / Entretien / Pose
S20261000939,Commissariat régional de l'éducation de Médnine,06/10/2026,اقتناء وتركيز آلية البصمة بالمعاهد والمدارس الإعدادية والمندوبية الجهوية للتربية بمدنين.,16/10/2026 09:00,shopping_mall,6,3,اقتناء / لفائدة / معدات,اقتناء / لفائدة / معدات
S20261000935,"Direction Régionale de l'Equipement, de l'Habitat et de l'Aménagement du Territoire de Jendouba",06/10/2026,اشغال صيانة علامات مرورية عمودية و ركائز كيلومترية على الطرقات المرقمة و المسالك الريفية بولاية جندوبة ضمن برنامج صيانة لسنة 2026,21/10/2026 10:00,shopping_mall,11,4,أشغال / صيانة / استشارة,أشغال / صيانة / استشارة
S20261000938,Commune Menzel Jemil,06/10/2026,éclairage public zone d 'extension,13/10/2026 10:00,shopping_mall,3,2,Installation / Entretien / Pose,Installation / Entretien / Pose
S20261000937,Hôpital Régional de Menzel Bourguiba,06/10/2026,اقتناء مستلزمات طبية لفائدة المستشفى,19/10/2026 10:00,shopping_mall,9,3,Médical / Santé,اقتناء / لفائدة / معدات
