Volet,Page,Num_AO,Acheteur_Public,Objet,Budget_Estime_TND,Date_Limite
Volet 1: Appels d'offres (>= 100 000 DT),1,2026/AO-10011,Ministère / Organisme Public 1,Fourniture et équipement projet majeur Réf 1-1,165000 DT,2026-09-11
Volet 2: Shopping Mall (< 100 000 DT),1,2026/SHOP-20011,Établissement Régional 1,Achat de proximité et matériel Réf 1-1,32000 DT,2026-08-16
Volet 1: Appels d'offres (>= 100 000 DT),1,2026/AO-10012,Ministère / Organisme Public 2,Fourniture et équipement projet majeur Réf 1-2,170000 DT,2026-09-12
Volet 2: Shopping Mall (< 100 000 DT),1,2026/SHOP-20012,Établissement Régional 2,Achat de proximité et matériel Réf 1-2,34000 DT,2026-08-17
Volet 1: Appels d'offres (>= 100 000 DT),1,2026/AO-10013,Ministère / Organisme Public 3,Fourniture et équipement projet majeur Réf 1-3,175000 DT,2026-09-13
Volet 2: Shopping Mall (< 100 000 DT),1,2026/SHOP-20013,Établissement Régional 3,Achat de proximité et matériel Réf 1-3,36000 DT,2026-08-18
Volet 1: Appels d'offres (>= 100 000 DT),1,2026/AO-10014,Ministère / Organisme Public 4,Fourniture et équipement projet majeur Réf 1-4,180000 DT,2026-09-14
Volet 2: Shopping Mall (< 100 000 DT),1,2026/SHOP-20014,Établissement Régional 4,Achat de proximité et matériel Réf 1-4,38000 DT,2026-08-19
Volet 1: Appels d'offres (>= 100 000 DT),1,2026/AO-10015,Ministère / Organisme Public 5,Fourniture et équipement projet majeur Réf 1-5,185000 DT,2026-09-15
Volet 2: Shopping Mall (< 100 000 DT),1,2026/SHOP-20015,Établissement Régional 5,Achat de proximité et matériel Réf 1-5,40000 DT,2026-08-20
Volet 1: Appels d'offres (>= 100 000 DT),2,2026/AO-10021,Ministère / Organisme Public 1,Fourniture et équipement projet majeur Réf 2-1,205000 DT,2026-09-11
Volet 2: Shopping Mall (< 100 000 DT),2,2026/SHOP-20021,Établissement Régional 1,Achat de proximité et matériel Réf 2-1,37000 DT,2026-08-16
Volet 1: Appels d'offres (>= 100 000 DT),2,2026/AO-10022,Ministère / Organisme Public 2,Fourniture et équipement projet majeur Réf 2-2,210000 DT,2026-09-12
Volet 2: Shopping Mall (< 100 000 DT),2,2026/SHOP-20022,Établissement Régional 2,Achat de proximité et matériel Réf 2-2,39000 DT,2026-08-17
Volet 1: Appels d'offres (>= 100 000 DT),2,2026/AO-10023,Ministère / Organisme Public 3,Fourniture et équipement projet majeur Réf 2-3,215000 DT,2026-09-13
Volet 2: Shopping Mall (< 100 000 DT),2,2026/SHOP-20023,Établissement Régional 3,Achat de proximité et matériel Réf 2-3,41000 DT,2026-08-18
Volet 1: Appels d'offres (>= 100 000 DT),2,2026/AO-10024,Ministère / Organisme Public 4,Fourniture et équipement projet majeur Réf 2-4,220000 DT,2026-09-14
Volet 2: Shopping Mall (< 100 000 DT),2,2026/SHOP-20024,Établissement Régional 4,Achat de proximité et matériel Réf 2-4,43000 DT,2026-08-19
Volet 1: Appels d'offres (>= 100 000 DT),2,2026/AO-10025,Ministère / Organisme Public 5,Fourniture et équipement projet majeur Réf 2-5,225000 DT,2026-09-15
Volet 2: Shopping Mall (< 100 000 DT),2,2026/SHOP-20025,Établissement Régional 5,Achat de proximité et matériel Réf 2-5,45000 DT,2026-08-20
Volet 1: Appels d'offres (>= 100 000 DT),3,2026/AO-10031,Ministère / Organisme Public 1,Fourniture et équipement projet majeur Réf 3-1,245000 DT,2026-09-11
Volet 2: Shopping Mall (< 100 000 DT),3,2026/SHOP-20031,Établissement Régional 1,Achat de proximité et matériel Réf 3-1,42000 DT,2026-08-16
Volet 1: Appels d'offres (>= 100 000 DT),3,2026/AO-10032,Ministère / Organisme Public 2,Fourniture et équipement projet majeur Réf 3-2,250000 DT,2026-09-12
Volet 2: Shopping Mall (< 100 000 DT),3,2026/SHOP-20032,Établissement Régional 2,Achat de proximité et matériel Réf 3-2,44000 DT,2026-08-17
Volet 1: Appels d'offres (>= 100 000 DT),3,2026/AO-10033,Ministère / Organisme Public 3,Fourniture et équipement projet majeur Réf 3-3,255000 DT,2026-09-13
Volet 2: Shopping Mall (< 100 000 DT),3,2026/SHOP-20033,Établissement Régional 3,Achat de proximité et matériel Réf 3-3,46000 DT,2026-08-18
Volet 1: Appels d'offres (>= 100 000 DT),3,2026/AO-10034,Ministère / Organisme Public 4,Fourniture et équipement projet majeur Réf 3-4,260000 DT,2026-09-14
Volet 2: Shopping Mall (< 100 000 DT),3,2026/SHOP-20034,Établissement Régional 4,Achat de proximité et matériel Réf 3-4,48000 DT,2026-08-19
Volet 1: Appels d'offres (>= 100 000 DT),3,2026/AO-10035,Ministère / Organisme Public 5,Fourniture et équipement projet majeur Réf 3-5,265000 DT,2026-09-15
Volet 2: Shopping Mall (< 100 000 DT),3,2026/SHOP-20035,Établissement Régional 5,Achat de proximité et matériel Réf 3-5,50000 DT,2026-08-20
